{"current":{"color_header_bg":"#213236","color_header_links":"#ffffff","color_body_bg":"#f7f7f7","color_content_bg":"#ffffff","color_body_headings":"#1a1a1a","color_body_text":"#666","color_button_bg":"#c04f1d","color_button_text":"#fff","color_footer_bg":"#213236","color_footer_text":"#fff","color_hero_text":"#fff","color_hero_bg":"#f4743c","type_accent_family":"lora_n7","type_accent_spacing":false,"type_accent_transform":false,"type_base_family":"roboto_n4","type_base_size":"14px","type_nav_size":"15px","type_nav_spacing":false,"type_nav_transform":false,"checkout_accent_color":"#f4743c","checkout_button_color":"#f4743c","checkout_banner_background_color":"#fff","checkout_call_to_action_color":"#f4743c","checkout_use_header_image":false,"color_newsletter_input":"#425154","sections":{"slideshow":{"type":"slideshow","disabled":true,"blocks":{"placeholder-0":{"type":"slide","settings":{"image_position":"center center","title":"Slide","button_label":"View all products"}},"placeholder-1":{"type":"slide","settings":{"image_position":"center center","title":"Slide","button_label":"View all products"}}},"block_order":["placeholder-0","placeholder-1"],"settings":{"hero_home_height":"small","hero_home_auto":false,"hero_home_auto_speed":5}},"footer":{"type":"footer","blocks":{"linklist":{"type":"menu","settings":{"link_list":"footer"}},"social":{"type":"social","settings":{"title":"Follow us","align":"left"}}},"block_order":["linklist","social"],"settings":{"show_payment_icons":true}},"featured-collections":{"type":"featured-collections","disabled":true,"blocks":{"featured-collections-0":{"type":"collection","settings":{"collection":""}},"featured-collections-1":{"type":"collection","settings":{"collection":""}},"featured-collections-2":{"type":"collection","settings":{"collection":""}}},"block_order":["featured-collections-0","featured-collections-1","featured-collections-2"],"settings":{"stretch_collection_image":false}},"featured-products":{"type":"featured-products","disabled":true,"settings":{"collection":"frontpage","rows":2}},"image-content":{"type":"image-content","disabled":true,"blocks":{"image-content-0":{"type":"image_block","settings":{}},"image-content-1":{"type":"text_block","settings":{"title":"Image with text","text":"<p>Pair large text with an image to give focus to your chosen product, collection, or blog post. Add details on availability, style, or even provide a review.<\/p>","align":"left"}}},"block_order":["image-content-0","image-content-1"],"settings":{}},"header":{"type":"header","settings":{"logo_max_width":"450","main_linklist":"main-menu","promo_bar_enable":false,"promo_bar_text":""}},"dynamic1":{"type":"dynamic1","blocks":{"09e04eb3-e063-41ed-945b-69af931dc1ef":{"type":"image","settings":{"image":"shopify:\/\/shop_images\/business-pug-working-on-laptop.jpg"}}},"block_order":["09e04eb3-e063-41ed-945b-69af931dc1ef"],"settings":{"heading":"I'm your headline for this section","description":"<p>Lorem ipsum dolor amet Lorem ipsum dolor ametLorem ipsum dolor ametLorem ipsum dolor ametLorem ipsum dolor amet<\/p>"}},"makeMeDefault":{"type":"makeMeDefault","settings":{"page":"home"}},"dynamic2":{"type":"dynamic2","settings":{"image_1":"shopify:\/\/shop_images\/coffee-on-rustic-cottage-table.jpg"}},"dynamic3":{"type":"dynamic3","settings":{"products":"biker-helmet"}},"static1":{"type":"static1","blocks":{"5ef6c149-ca1e-4808-933f-476357e1c585":{"type":"text","settings":{"name":"henlo","description":"i am a short description about the helmet","size":"very big"}},"ff06d9fe-8dd4-4afc-83cf-da6115bff4a1":{"type":"text","settings":{"name":"henlo","description":"i am another short description about one of our world famous products","size":"very small"}}},"block_order":["5ef6c149-ca1e-4808-933f-476357e1c585","ff06d9fe-8dd4-4afc-83cf-da6115bff4a1"],"settings":{}},"static2":{"type":"static2","settings":{"image":"shopify:\/\/shop_images\/oksana-yachnik-a1b1752c3ae74fea8596b2fa4ed1d5e3.jpg","layout":"left","title":"Click to view more","button_link":"shopify:\/\/collections\/all"}},"product-template":{"type":"product-template","settings":{"enable_ajax":true,"stock_enable":false,"enable_payment_button":true,"social_sharing_products":true}},"product-recommendations":{"type":"product-recommendations","settings":{"show_product_recommendations":true,"heading":"You may also like"}},"16164528879c64103c":{"type":"dynamic1","settings":{"heading":"hello i'm just another headline","description":"<p>Lorem ipsum dolor amet Lorem ipsum dolor ametLorem ipsum dolor ametLorem ipsum dolor ametLorem ipsum dolor amet<\/p>"}},"1616452925b763106f":{"type":"dynamic3","settings":{"products":""}},"1616452985d7bc8a4b":{"type":"dynamic2","settings":{"image_1":"shopify:\/\/shop_images\/SPACE.png"}},"16164561538f05c4b1":{"type":"dynamic2","settings":{"image_1":"shopify:\/\/shop_images\/coffee-on-rustic-cottage-table.jpg"}},"1616456174595e9114":{"type":"dynamic3","settings":{"products":""}},"1616456187711a926e":{"type":"dynamic1","settings":{"heading":"Just another headline","description":"<p>Lorem ipsum dolor amet Lorem ipsum dolor ametLorem ipsum dolor ametLorem ipsum dolor ametLorem ipsum dolor amet<\/p>"}},"collection-filters":{"type":"collection-filters","settings":{"product_tags_enable":true,"product_sorting_enable":true}}},"content_for_index":["16164528879c64103c","1616452925b763106f","1616452985d7bc8a4b","1616456187711a926e","16164561538f05c4b1","1616456174595e9114"]},"presets":{"Snowboards":{"checkout_accent_color":"#006eff","checkout_banner_background_color":"#fff","checkout_button_color":"#006eff","checkout_call_to_action_color":"#006eff","checkout_use_header_image":false,"color_body_bg":"#f7f7f7","color_body_headings":"#030303","color_body_text":"#666","color_button_bg":"#006eff","color_button_text":"#fff","color_content_bg":"#fff","color_footer_bg":"#030303","color_footer_text":"#fff","color_header_bg":"#030303","color_header_links":"#fff","color_hero_bg":"#006eff","color_hero_text":"#fff","color_newsletter_input":"#1a1a1a","type_accent_family":"unica_one_n4","type_accent_spacing":true,"type_accent_transform":true,"type_base_family":"karla_n4","type_base_size":"16px","type_nav_size":"14px","type_nav_spacing":true,"type_nav_transform":true,"sections":{"slideshow":{"type":"slideshow","blocks":{"placeholder-0":{"type":"slide","settings":{}},"placeholder-1":{"type":"slide","settings":{}}},"block_order":["placeholder-0","placeholder-1"],"settings":{}},"footer":{"type":"footer","blocks":{"linklist":{"type":"menu","settings":{}},"social":{"type":"social","settings":{}}},"block_order":["linklist","social"],"settings":{}},"featured-collections":{"type":"featured-collections","blocks":{"featured-collections-0":{"type":"collection","settings":{}},"featured-collections-1":{"type":"collection","settings":{}},"featured-collections-2":{"type":"collection","settings":{}}},"block_order":["featured-collections-0","featured-collections-1","featured-collections-2"],"settings":{}},"featured-products":{"type":"featured-products","settings":{"collection":"frontpage"}},"image-content":{"type":"image-content","blocks":{"image-content-0":{"type":"image_block","settings":{}},"image-content-1":{"type":"text_block","settings":{}}},"block_order":["image-content-0","image-content-1"],"settings":{}}},"content_for_index":["slideshow","featured-collections","featured-products","image-content"]},"Outdoors":{"checkout_accent_color":"#f4743c","checkout_banner_background_color":"#fff","checkout_button_color":"#f4743c","checkout_call_to_action_color":"#f4743c","checkout_use_header_image":false,"color_body_bg":"#f7f7f7","color_body_headings":"#1a1a1a","color_body_text":"#666","color_button_bg":"#c04f1d","color_button_text":"#fff","color_content_bg":"#ffffff","color_footer_bg":"#213236","color_footer_text":"#fff","color_header_bg":"#213236","color_header_links":"#ffffff","color_hero_bg":"#f4743c","color_hero_text":"#fff","color_newsletter_input":"#425154","type_accent_family":"lora_n7","type_accent_spacing":false,"type_accent_transform":false,"type_base_family":"roboto_n4","type_base_size":"14px","type_nav_size":"15px","type_nav_spacing":false,"type_nav_transform":false},"Boxing":{"checkout_accent_color":"#d8232f","checkout_banner_background_color":"#fff","checkout_button_color":"#d8232f","checkout_call_to_action_color":"#d8232f","checkout_use_header_image":false,"color_body_bg":"#f0f0f0","color_body_headings":"#222222","color_body_text":"#666","color_button_bg":"#d8232f","color_button_text":"#fff","color_content_bg":"#ffffff","color_footer_bg":"#222222","color_footer_text":"#ffffff","color_header_bg":"#222222","color_header_links":"#ffffff","color_hero_bg":"#d8232f","color_hero_text":"#fff","color_newsletter_input":"#303030","type_accent_family":"open_sans_condensed_n7","type_accent_spacing":false,"type_accent_transform":true,"type_base_family":"source_sans_pro_n4","type_base_size":"17px","type_nav_size":"14px","type_nav_spacing":true,"type_nav_transform":true}}}